concept_id,reason
C007,generic broth is not verified and branded variants declare wheat or gluten traces
C008,seasoning blend is not verified gluten-free
C009,seasoning blend is not verified gluten-free
C030,wheat pasta
C031,whole-grain wheat pasta
C033,unspecified groats may contain gluten cereals
C034,wheat tortilla
C035,wheat bread
C048,wheat flour
C049,wheat flour
C050,whole-grain wheat flour
C051,rye flour
C052,spelt flour
C057,rye bread
C058,wheat toast bread
C059,wheat roll
C060,wheat baguette
C062,rye pumpernickel
C063,wheat breadcrumbs
C073,barley groats
C074,pearl barley
C075,wheat couscous
C076,wheat bulgur
C079,wheat pasta
C080,wheat spaghetti
C081,wheat penne
C084,soba is not verified as pure buckwheat
C085,wheat udon
C086,oats are not certified gluten-free
C087,oats are not certified gluten-free
C089,corn flakes are not verified free of barley malt
C090,muesli contains uncertified cereal flakes
C143,processed ham is not verified gluten-free
C144,processed sausage is not verified gluten-free
C145,processed sausage is not verified gluten-free
C146,processed sausage is not verified gluten-free
C147,processed sausage is not verified gluten-free
C148,salami is not verified gluten-free
C149,pate may contain breadcrumbs or flour
C150,processed sausage is not verified gluten-free
C151,processed sausage is not verified gluten-free
C300,marinated tofu may contain wheat-based soy sauce
C305,oat drink is not certified gluten-free
C313,soy sauce commonly contains wheat
C314,soy sauce commonly contains wheat
C315,teriyaki sauce commonly contains wheat-based soy sauce
C317,oyster sauce is not verified gluten-free
C348,baking powder is not verified gluten-free
