"client_sku_id","is_lactose_free","reason","source_url","supporting_source_url","reviewed_at","manual_review_action"
"WINIARY_MAJONEZ_DEKORACYJNY_700ML","1","Pelny sklad producenta bez skladnikow mlecznych; potwierdzony wariant 700 ml.","https://www.winiary.pl/produkty/majonez-dekoracyjny-winiary-700-ml/","","2026-10-01",""
"WINIARY_MAJONEZ_DEKORACYJNY_400ML","1","Pelny sklad producenta bez skladnikow mlecznych; potwierdzony wariant 400 ml.","https://www.winiary.pl/produkty/majonez-dekoracyjny-winiary-400-ml/","","2026-10-01",""
"WINIARY_MAJONEZ_DEKORACYJNY_250ML","1","Pelny sklad producenta bez skladnikow mlecznych; potwierdzony wariant 250 ml.","https://www.winiary.pl/produkty/majonez-dekoracyjny-winiary-250-ml/","","2026-10-01",""
"WINIARY_MAJONEZ_SALATKOWY_300ML","1","Pelny sklad producenta bez skladnikow mlecznych; sklep potwierdza sloik 300 ml.","https://www.winiary.pl/produkty/majonez-salatkowy-winiary/","https://leclerc.com.pl/winiary-majonez-salatkowy","2026-10-01",""
"WINIARY_MAJONEZ_LEKKI_300ML","1","Pelny sklad producenta bez skladnikow mlecznych; sklep potwierdza zgodny sklad i 300 ml.","https://www.winiary.pl/produkty/majonez-lekki-winiary/","https://www.kmdelikatesy.pl/node/81093","2026-10-01",""
"WINIARY_MAJONEZ_DELIKATNY_300ML","","Nie znaleziono pelnego skladu producenta dla wariantu 300 ml.","data/raw/clients/Winiary/client_skus_canonical.csv","","2026-10-01","Dostarcz pelna etykiete konkretnego wariantu lub specyfikacje producenta; wyjasnij mleko/slady i zgodnosc opakowania."
"WINIARY_MAJONEZ_WEGANSKI_300ML","1","Sprawdzono pelny sklad roslinny i deklaracje producenta; sklep potwierdza sloik 300 ml. Nie tylko nazwa vegan.","https://www.winiary.pl/produkty/majonez-weganski-winiary/","https://leclerc.com.pl/winiary-majonez-weganski","2026-10-01",""
"WINIARY_MAJONEZ_OMEGA_36_300ML","","Nie znaleziono pelnego skladu producenta dla wariantu 300 ml.","data/raw/clients/Winiary/client_skus_canonical.csv","","2026-10-01","Dostarcz pelna etykiete konkretnego wariantu lub specyfikacje producenta; wyjasnij mleko/slady i zgodnosc opakowania."
"WINIARY_KETCHUP_LAGODNY_450G","1","Pelny sklad producenta bez skladnikow mlecznych; potwierdzone 450 g.","https://www.winiary.pl/produkty/ketchup-lagodny-winiary/","","2026-10-01",""
"WINIARY_KETCHUP_PIKANTNY_560G","","Strona producenta opisuje 450 g zamiast katalogowych 560 g; brak dowodu tej samej receptury.","https://www.winiary.pl/produkty/ketchup-pikantny-winiary/","","2026-10-01","Dostarcz pelna etykiete konkretnego wariantu lub specyfikacje producenta; wyjasnij mleko/slady i zgodnosc opakowania."
"WINIARY_KETCHUP_BEZ_CUKRU_410G","","Strona producenta opisuje 450 g zamiast katalogowych 410 g; brak dowodu tej samej receptury.","https://www.winiary.pl/produkty/ketchup-bez-dodatku-cukru-winiary/","","2026-10-01","Dostarcz pelna etykiete konkretnego wariantu lub specyfikacje producenta; wyjasnij mleko/slady i zgodnosc opakowania."
"WINIARY_SOS_CZOSNKOWY_SLOIK_250ML","","Nie potwierdzono pelnego skladu producenta dla sloika 250 ml; aktualna strona dotyczy butelki 200 ml.","https://www.winiary.pl/produkty/sos-czosnkowy-winiary-w-butelce/","","2026-10-01","Dostarcz pelna etykiete konkretnego wariantu lub specyfikacje producenta; wyjasnij mleko/slady i zgodnosc opakowania."
"WINIARY_SOS_CZOSNKOWY_BUTELKA_300ML","","Strona dotyczy 200 ml zamiast 300 ml i deklaruje mozliwa obecnosc mleka; nie rozstrzyga starego wariantu.","https://www.winiary.pl/produkty/sos-czosnkowy-winiary-w-butelce/","","2026-10-01","Dostarcz pelna etykiete konkretnego wariantu lub specyfikacje producenta; wyjasnij mleko/slady i zgodnosc opakowania."
"WINIARY_SOS_AMERYKANSKI_BBQ_348G","","Aktualna strona dotyczy 200 ml i innych wartosci odzywczych zamiast 348 g; nie przenosic receptury.","https://www.winiary.pl/produkty/sos-amerykanski-bbq-winiary/","","2026-10-01","Dostarcz pelna etykiete konkretnego wariantu lub specyfikacje producenta; wyjasnij mleko/slady i zgodnosc opakowania."
"WINIARY_SOS_SPAGHETTI_500G","","Nie znaleziono aktualnego pelnego skladu producenta sosu w sloiku 500 g; mieszanki w proszku nie sa tym SKU.","data/raw/clients/Winiary/client_skus_canonical.csv","","2026-10-01","Dostarcz pelna etykiete konkretnego wariantu lub specyfikacje producenta; wyjasnij mleko/slady i zgodnosc opakowania."
"WINIARY_SOS_BOLONSKI_500G","","Nie znaleziono aktualnego pelnego skladu producenta sosu w sloiku 500 g; Italia w proszku nie jest tym SKU.","data/raw/clients/Winiary/client_skus_canonical.csv","","2026-10-01","Dostarcz pelna etykiete konkretnego wariantu lub specyfikacje producenta; wyjasnij mleko/slady i zgodnosc opakowania."
"WINIARY_BULION_DROBIOWY_160G","","Producent deklaruje mozliwa obecnosc mleka; brak wyjasnienia lub deklaracji bez laktozy.","https://www.winiary.pl/produkty/bulion-drobiowy-winiary/","","2026-10-01","Dostarcz pelna etykiete konkretnego wariantu lub specyfikacje producenta; wyjasnij mleko/slady i zgodnosc opakowania."
"WINIARY_BULION_WARZYWNY_SLOIK_160G","","Producent deklaruje mozliwa obecnosc mleka; brak wyjasnienia lub deklaracji bez laktozy.","https://www.winiary.pl/produkty/bulion-warzywny-w-sloiku-winiary/","","2026-10-01","Dostarcz pelna etykiete konkretnego wariantu lub specyfikacje producenta; wyjasnij mleko/slady i zgodnosc opakowania."
"WINIARY_BULION_WOLOWY_160G","1","Pelny rozwiniety sklad producenta dla 160 g bez skladnikow mlecznych; deklarowane slady soi i selera, nie mleka.","https://www.winiary.pl/produkty/bulion-wolowy-winiary/","","2026-10-01",""
"WINIARY_BULION_GRZYBOWY_6KOSTEK_60G","","Producent deklaruje mozliwa obecnosc mleka; dodatkowo brak potwierdzenia zgodnosci wariantu i makro 60 g.","https://www.winiary.pl/produkty/bulion-grzybowy-winiary/","","2026-10-01","Dostarcz pelna etykiete konkretnego wariantu lub specyfikacje producenta; wyjasnij mleko/slady i zgodnosc opakowania."
